100;1;1
200;2;1
300;3;1
400;4;1
500;5;1
600;6;1
700;7;1
800;8;1
900;9;1
1'000;10;1
1'100;11;1
1'200;12;1
1'300;13;1
1'400;14;1
1'500;15;1
1'600;16;1
1'700;18;1.059
1'800;20;1.111
1'900;22;1.158
2'000;24;1.2
2'100;26;1.238
2'200;28;1.273
2'300;30;1.304
2'400;32;1.333
2'500;34;1.36
2'600;36;1.385
2'700;38;1.407
2'800;40;1.429
2'900;42;1.448
3'000;44;1.467
3'100;46;1.484
3'200;48;1.5
3'300;51;1.545
3'400;54;1.588
3'500;57;1.629
3'600;60;1.667
3'700;63;1.703
3'800;66;1.737
3'900;69;1.769
4'000;72;1.8
4'100;75;1.829
4'200;78;1.857
4'300;81;1.884
4'400;84;1.909
4'500;87;1.933
4'600;90;1.957
4'700;93;1.979
4'800;96;2
4'900;100;2.041
5'000;104;2.08
5'100;108;2.118
5'200;112;2.154
5'300;116;2.189
5'400;120;2.222
5'500;124;2.255
5'600;128;2.286
5'700;132;2.316
5'800;136;2.345
5'900;140;2.373
6'000;144;2.4
6'100;148;2.426
6'200;152;2.452
6'300;156;2.476
6'400;160;2.5
6'500;164;2.523
6'600;168;2.545
6'700;172;2.567
6'800;176;2.588
6'900;180;2.609
7'000;184;2.629
7'100;188;2.648
7'200;192;2.667
7'300;196;2.685
7'400;200;2.703
7'500;204;2.72
7'600;208;2.737
7'700;212;2.753
7'800;216;2.769
7'900;220;2.785
8'000;225;2.813
8'100;230;2.84
8'200;235;2.866
8'300;240;2.892
8'400;245;2.917
8'500;250;2.941
8'600;255;2.965
8'700;260;2.989
8'800;265;3.011
8'900;270;3.034
9'000;275;3.056
9'100;280;3.077
9'200;285;3.098
9'300;290;3.118
9'400;295;3.138
9'500;300;3.158
9'600;305;3.177
9'700;310;3.196
9'800;315;3.214
9'900;320;3.232
10'000;325;3.25
10'100;330;3.267
10'200;335;3.284
10'300;340;3.301
10'400;345;3.317
10'500;350;3.333
10'600;355;3.349
10'700;360;3.364
10'800;365;3.38
10'900;370;3.394
11'000;375;3.409
11'100;380;3.423
11'200;385;3.438
11'300;391;3.46
11'400;397;3.482
11'500;403;3.504
11'600;409;3.526
11'700;415;3.547
11'800;421;3.568
11'900;427;3.588
12'000;433;3.608
12'100;439;3.628
12'200;445;3.648
12'300;451;3.667
12'400;457;3.685
12'500;463;3.704
12'600;469;3.722
12'700;475;3.74
12'800;481;3.758
12'900;487;3.775
13'000;493;3.792
13'100;499;3.809
13'200;505;3.826
13'300;511;3.842
13'400;517;3.858
13'500;523;3.874
13'600;529;3.89
13'700;535;3.905
13'800;541;3.92
13'900;547;3.935
14'000;553;3.95
14'100;559;3.965
14'200;565;3.979
14'300;571;3.993
14'400;578;4.014
14'500;585;4.034
14'600;592;4.055
14'700;599;4.075
14'800;606;4.095
14'900;613;4.114
15'000;620;4.133
15'100;627;4.152
15'200;634;4.171
15'300;641;4.19
15'400;648;4.208
15'500;655;4.226
15'600;662;4.244
15'700;669;4.261
15'800;676;4.278
15'900;683;4.296
16'000;690;4.313
16'100;697;4.329
16'200;704;4.346
16'300;711;4.362
16'400;718;4.378
16'500;725;4.394
16'600;732;4.41
16'700;739;4.425
16'800;746;4.44
16'900;753;4.456
17'000;760;4.471
17'100;767;4.485
17'200;774;4.5
17'300;781;4.514
17'400;788;4.529
17'500;795;4.543
17'600;802;4.557
17'700;809;4.571
17'800;816;4.584
17'900;823;4.598
18'000;830;4.611
18'100;837;4.624
18'200;844;4.637
18'300;851;4.65
18'400;858;4.663
18'500;865;4.676
18'600;872;4.688
18'700;879;4.701
18'800;886;4.713
18'900;893;4.725
19'000;900;4.737
19'100;907;4.749
19'200;914;4.76
19'300;921;4.772
19'400;928;4.784
19'500;935;4.795
19'600;942;4.806
19'700;949;4.817
19'800;956;4.828
19'900;963;4.839
20'000;970;4.85
20'100;977;4.861
20'200;984;4.871
20'300;991;4.882
20'400;998;4.892
20'500;1'005.00;4.902
20'600;1'012.00;4.913
20'700;1'019.00;4.923
20'800;1'026.00;4.933
20'900;1'033.00;4.943
21'000;1'040.00;4.952
21'100;1'047.00;4.962
21'200;1'054.00;4.972
21'300;1'061.00;4.981
21'400;1'068.00;4.991
21'500;1'075.00;5
21'600;1'082.00;5.009
21'700;1'089.00;5.018
21'800;1'096.00;5.028
21'900;1'103.00;5.037
22'000;1'110.00;5.045
22'100;1'117.00;5.054
22'200;1'124.00;5.063
22'300;1'131.00;5.072
22'400;1'139.00;5.085
22'500;1'147.00;5.098
22'600;1'155.00;5.111
22'700;1'163.00;5.123
22'800;1'171.00;5.136
22'900;1'179.00;5.148
23'000;1'187.00;5.161
23'100;1'195.00;5.173
23'200;1'203.00;5.185
23'300;1'211.00;5.197
23'400;1'219.00;5.209
23'500;1'227.00;5.221
23'600;1'235.00;5.233
23'700;1'243.00;5.245
23'800;1'251.00;5.256
23'900;1'259.00;5.268
24'000;1'267.00;5.279
24'100;1'275.00;5.29
24'200;1'283.00;5.302
24'300;1'291.00;5.313
24'400;1'299.00;5.324
24'500;1'307.00;5.335
24'600;1'315.00;5.346
24'700;1'323.00;5.356
24'800;1'331.00;5.367
24'900;1'339.00;5.378
25'000;1'347.00;5.388
25'100;1'355.00;5.398
25'200;1'363.00;5.409
25'300;1'371.00;5.419
25'400;1'379.00;5.429
25'500;1'387.00;5.439
25'600;1'395.00;5.449
25'700;1'403.00;5.459
25'800;1'411.00;5.469
25'900;1'419.00;5.479
26'000;1'427.00;5.488
26'100;1'435.00;5.498
26'200;1'443.00;5.508
26'300;1'451.00;5.517
26'400;1'459.00;5.527
26'500;1'467.00;5.536
26'600;1'475.00;5.545
26'700;1'483.00;5.554
26'800;1'491.00;5.563
26'900;1'499.00;5.572
27'000;1'507.00;5.581
27'100;1'515.00;5.59
27'200;1'523.00;5.599
27'300;1'531.00;5.608
27'400;1'539.00;5.617
27'500;1'547.00;5.625
27'600;1'555.00;5.634
27'700;1'563.00;5.643
27'800;1'571.00;5.651
27'900;1'579.00;5.659
28'000;1'587.00;5.668
28'100;1'595.00;5.676
28'200;1'603.00;5.684
28'300;1'611.00;5.693
28'400;1'619.00;5.701
28'500;1'627.00;5.709
28'600;1'635.00;5.717
28'700;1'643.00;5.725
28'800;1'651.00;5.733
28'900;1'659.00;5.74
29'000;1'667.00;5.748
29'100;1'675.00;5.756
29'200;1'683.00;5.764
29'300;1'691.00;5.771
29'400;1'699.00;5.779
29'500;1'707.00;5.786
29'600;1'715.00;5.794
29'700;1'723.00;5.801
29'800;1'731.00;5.809
29'900;1'739.00;5.816
30'000;1'747.00;5.823
30'100;1'755.00;5.831
30'200;1'763.00;5.838
30'300;1'771.00;5.845
30'400;1'779.00;5.852
30'500;1'787.00;5.859
30'600;1'795.00;5.866
30'700;1'803.00;5.873
30'800;1'811.00;5.88
30'900;1'819.00;5.887
31'000;1'827.00;5.894
31'100;1'835.00;5.9
31'200;1'843.00;5.907
31'300;1'851.00;5.914
31'400;1'859.00;5.92
31'500;1'867.00;5.927
31'600;1'875.00;5.934
31'700;1'883.00;5.94
31'800;1'891.00;5.947
31'900;1'899.00;5.953
32'000;1'907.00;5.959
32'100;1'915.00;5.966
32'200;1'923.00;5.972
32'300;1'931.00;5.978
32'400;1'939.00;5.985
32'500;1'947.00;5.991
32'600;1'955.00;5.997
32'700;1'963.00;6.003
32'800;1'971.00;6.009
32'900;1'979.00;6.015
33'000;1'987.00;6.021
33'100;1'995.00;6.027
33'200;2'003.00;6.033
33'300;2'011.00;6.039
33'400;2'019.00;6.045
33'500;2'027.00;6.051
33'600;2'035.00;6.057
33'700;2'043.00;6.062
33'800;2'051.00;6.068
33'900;2'059.00;6.074
34'000;2'067.00;6.079
34'100;2'075.00;6.085
34'200;2'083.00;6.091
34'300;2'091.00;6.096
34'400;2'099.00;6.102
34'500;2'107.00;6.107
34'600;2'115.00;6.113
34'700;2'123.00;6.118
34'800;2'131.00;6.124
34'900;2'139.00;6.129
35'000;2'147.00;6.134
35'100;2'155.00;6.14
35'200;2'163.00;6.145
35'300;2'171.00;6.15
35'400;2'179.00;6.155
35'500;2'187.00;6.161
35'600;2'195.00;6.166
35'700;2'203.00;6.171
35'800;2'211.00;6.176
35'900;2'219.00;6.181
36'000;2'227.00;6.186
36'100;2'235.00;6.191
36'200;2'243.00;6.196
36'300;2'251.00;6.201
36'400;2'259.00;6.206
36'500;2'267.00;6.211
36'600;2'275.00;6.216
36'700;2'283.00;6.221
36'800;2'291.00;6.226
36'900;2'299.00;6.23
37'000;2'307.00;6.235
37'100;2'315.00;6.24
37'200;2'323.00;6.245
37'300;2'331.00;6.249
37'400;2'339.00;6.254
37'500;2'347.00;6.259
37'600;2'355.00;6.263
37'700;2'363.00;6.268
37'800;2'371.00;6.272
37'900;2'379.00;6.277
38'000;2'387.00;6.282
38'100;2'395.00;6.286
38'200;2'403.00;6.291
38'300;2'412.00;6.298
38'400;2'421.00;6.305
38'500;2'430.00;6.312
38'600;2'439.00;6.319
38'700;2'448.00;6.326
38'800;2'457.00;6.332
38'900;2'466.00;6.339
39'000;2'475.00;6.346
39'100;2'484.00;6.353
39'200;2'493.00;6.36
39'300;2'502.00;6.366
39'400;2'511.00;6.373
39'500;2'520.00;6.38
39'600;2'529.00;6.386
39'700;2'538.00;6.393
39'800;2'547.00;6.399
39'900;2'556.00;6.406
40'000;2'565.00;6.413
40'100;2'574.00;6.419
40'200;2'583.00;6.425
40'300;2'592.00;6.432
40'400;2'601.00;6.438
40'500;2'610.00;6.444
40'600;2'619.00;6.451
40'700;2'628.00;6.457
40'800;2'637.00;6.463
40'900;2'646.00;6.469
41'000;2'655.00;6.476
41'100;2'664.00;6.482
41'200;2'673.00;6.488
41'300;2'682.00;6.494
41'400;2'691.00;6.5
41'500;2'700.00;6.506
41'600;2'709.00;6.512
41'700;2'718.00;6.518
41'800;2'727.00;6.524
41'900;2'736.00;6.53
42'000;2'745.00;6.536
42'100;2'754.00;6.542
42'200;2'763.00;6.547
42'300;2'772.00;6.553
42'400;2'781.00;6.559
42'500;2'790.00;6.565
42'600;2'799.00;6.57
42'700;2'808.00;6.576
42'800;2'817.00;6.582
42'900;2'826.00;6.587
43'000;2'835.00;6.593
43'100;2'844.00;6.599
43'200;2'853.00;6.604
43'300;2'862.00;6.61
43'400;2'871.00;6.615
43'500;2'880.00;6.621
43'600;2'889.00;6.626
43'700;2'898.00;6.632
43'800;2'907.00;6.637
43'900;2'916.00;6.642
44'000;2'925.00;6.648
44'100;2'934.00;6.653
44'200;2'943.00;6.658
44'300;2'952.00;6.664
44'400;2'961.00;6.669
44'500;2'970.00;6.674
44'600;2'979.00;6.679
44'700;2'988.00;6.685
44'800;2'997.00;6.69
44'900;3'006.00;6.695
45'000;3'015.00;6.7
45'100;3'024.00;6.705
45'200;3'033.00;6.71
45'300;3'042.00;6.715
45'400;3'051.00;6.72
45'500;3'060.00;6.725
45'600;3'069.00;6.73
45'700;3'078.00;6.735
45'800;3'087.00;6.74
45'900;3'096.00;6.745
46'000;3'105.00;6.75
46'100;3'114.00;6.755
46'200;3'123.00;6.76
46'300;3'132.00;6.765
46'400;3'141.00;6.769
46'500;3'150.00;6.774
46'600;3'159.00;6.779
46'700;3'168.00;6.784
46'800;3'177.00;6.788
46'900;3'186.00;6.793
47'000;3'195.00;6.798
47'100;3'204.00;6.803
47'200;3'213.00;6.807
47'300;3'222.00;6.812
47'400;3'231.00;6.816
47'500;3'240.00;6.821
47'600;3'249.00;6.826
47'700;3'258.00;6.83
47'800;3'267.00;6.835
47'900;3'276.00;6.839
48'000;3'285.00;6.844
48'100;3'294.00;6.848
48'200;3'303.00;6.853
48'300;3'312.00;6.857
48'400;3'321.00;6.862
48'500;3'330.00;6.866
48'600;3'339.00;6.87
48'700;3'348.00;6.875
48'800;3'357.00;6.879
48'900;3'366.00;6.883
49'000;3'375.00;6.888
49'100;3'384.00;6.892
49'200;3'393.00;6.896
49'300;3'402.00;6.901
49'400;3'411.00;6.905
49'500;3'420.00;6.909
49'600;3'429.00;6.913
49'700;3'438.00;6.918
49'800;3'447.00;6.922
49'900;3'456.00;6.926
50'000;3'465.00;6.93
50'100;3'474.00;6.934
50'200;3'483.00;6.938
50'300;3'492.00;6.942
50'400;3'501.00;6.946
50'500;3'510.00;6.95
50'600;3'519.00;6.955
50'700;3'528.00;6.959
50'800;3'537.00;6.963
50'900;3'546.00;6.967
51'000;3'555.00;6.971
51'100;3'564.00;6.975
51'200;3'573.00;6.979
51'300;3'582.00;6.982
51'400;3'591.00;6.986
51'500;3'600.00;6.99
51'600;3'609.00;6.994
51'700;3'618.00;6.998
51'800;3'627.00;7.002
51'900;3'636.00;7.006
52'000;3'645.00;7.01
52'100;3'654.00;7.013
52'200;3'663.00;7.017
52'300;3'672.00;7.021
52'400;3'681.00;7.025
52'500;3'690.00;7.029
52'600;3'699.00;7.032
52'700;3'708.00;7.036
52'800;3'717.00;7.04
52'900;3'726.00;7.043
53'000;3'735.00;7.047
53'100;3'744.00;7.051
53'200;3'753.00;7.055
53'300;3'762.00;7.058
53'400;3'771.00;7.062
53'500;3'780.00;7.065
53'600;3'789.00;7.069
53'700;3'798.00;7.073
53'800;3'807.00;7.076
53'900;3'816.00;7.08
54'000;3'825.00;7.083
54'100;3'834.00;7.087
54'200;3'844.00;7.092
54'300;3'854.00;7.098
54'400;3'864.00;7.103
54'500;3'874.00;7.108
54'600;3'884.00;7.114
54'700;3'894.00;7.119
54'800;3'904.00;7.124
54'900;3'914.00;7.129
55'000;3'924.00;7.135
55'100;3'934.00;7.14
55'200;3'944.00;7.145
55'300;3'954.00;7.15
55'400;3'964.00;7.155
55'500;3'974.00;7.16
55'600;3'984.00;7.165
55'700;3'994.00;7.171
55'800;4'004.00;7.176
55'900;4'014.00;7.181
56'000;4'024.00;7.186
56'100;4'034.00;7.191
56'200;4'044.00;7.196
56'300;4'054.00;7.201
56'400;4'064.00;7.206
56'500;4'074.00;7.211
56'600;4'084.00;7.216
56'700;4'094.00;7.22
56'800;4'104.00;7.225
56'900;4'114.00;7.23
57'000;4'124.00;7.235
57'100;4'134.00;7.24
57'200;4'144.00;7.245
57'300;4'154.00;7.25
57'400;4'164.00;7.254
57'500;4'174.00;7.259
57'600;4'184.00;7.264
57'700;4'194.00;7.269
57'800;4'204.00;7.273
57'900;4'214.00;7.278
58'000;4'224.00;7.283
58'100;4'234.00;7.287
58'200;4'244.00;7.292
58'300;4'254.00;7.297
58'400;4'264.00;7.301
58'500;4'274.00;7.306
58'600;4'284.00;7.311
58'700;4'294.00;7.315
58'800;4'304.00;7.32
58'900;4'314.00;7.324
59'000;4'324.00;7.329
59'100;4'334.00;7.333
59'200;4'344.00;7.338
59'300;4'354.00;7.342
59'400;4'364.00;7.347
59'500;4'374.00;7.351
59'600;4'384.00;7.356
59'700;4'394.00;7.36
59'800;4'404.00;7.365
59'900;4'414.00;7.369
60'000;4'424.00;7.373
60'100;4'434.00;7.378
60'200;4'444.00;7.382
60'300;4'454.00;7.386
60'400;4'464.00;7.391
60'500;4'474.00;7.395
60'600;4'484.00;7.399
60'700;4'494.00;7.404
60'800;4'504.00;7.408
60'900;4'514.00;7.412
61'000;4'524.00;7.416
61'100;4'534.00;7.421
61'200;4'544.00;7.425
61'300;4'554.00;7.429
61'400;4'564.00;7.433
61'500;4'574.00;7.437
61'600;4'584.00;7.442
61'700;4'594.00;7.446
61'800;4'604.00;7.45
61'900;4'614.00;7.454
62'000;4'624.00;7.458
62'100;4'634.00;7.462
62'200;4'644.00;7.466
62'300;4'654.00;7.47
62'400;4'664.00;7.474
62'500;4'674.00;7.478
62'600;4'684.00;7.482
62'700;4'694.00;7.486
62'800;4'704.00;7.49
62'900;4'714.00;7.494
63'000;4'724.00;7.498
63'100;4'734.00;7.502
63'200;4'744.00;7.506
63'300;4'754.00;7.51
63'400;4'764.00;7.514
63'500;4'774.00;7.518
63'600;4'784.00;7.522
63'700;4'794.00;7.526
63'800;4'804.00;7.53
63'900;4'814.00;7.534
64'000;4'824.00;7.538
64'100;4'834.00;7.541
64'200;4'844.00;7.545
64'300;4'854.00;7.549
64'400;4'864.00;7.553
64'500;4'874.00;7.557
64'600;4'884.00;7.56
64'700;4'894.00;7.564
64'800;4'904.00;7.568
64'900;4'914.00;7.572
65'000;4'924.00;7.575
65'100;4'934.00;7.579
65'200;4'944.00;7.583
65'300;4'954.00;7.587
65'400;4'964.00;7.59
65'500;4'974.00;7.594
65'600;4'984.00;7.598
65'700;4'994.00;7.601
65'800;5'004.00;7.605
65'900;5'014.00;7.608
66'000;5'024.00;7.612
66'100;5'034.00;7.616
66'200;5'044.00;7.619
66'300;5'054.00;7.623
66'400;5'064.00;7.627
66'500;5'074.00;7.63
66'600;5'084.00;7.634
66'700;5'094.00;7.637
66'800;5'104.00;7.641
66'900;5'114.00;7.644
67'000;5'124.00;7.648
67'100;5'134.00;7.651
67'200;5'144.00;7.655
67'300;5'154.00;7.658
67'400;5'164.00;7.662
67'500;5'174.00;7.665
67'600;5'184.00;7.669
67'700;5'194.00;7.672
67'800;5'204.00;7.676
67'900;5'214.00;7.679
68'000;5'224.00;7.682
68'100;5'234.00;7.686
68'200;5'244.00;7.689
68'300;5'254.00;7.693
68'400;5'264.00;7.696
68'500;5'274.00;7.699
68'600;5'284.00;7.703
68'700;5'294.00;7.706
68'800;5'304.00;7.709
68'900;5'314.00;7.713
69'000;5'324.00;7.716
69'100;5'334.00;7.719
69'200;5'344.00;7.723
69'300;5'354.00;7.726
69'400;5'364.00;7.729
69'500;5'374.00;7.732
69'600;5'384.00;7.736
69'700;5'394.00;7.739
69'800;5'404.00;7.742
69'900;5'414.00;7.745
70'000;5'424.00;7.749
70'100;5'434.00;7.752
70'200;5'445.00;7.756
70'300;5'456.00;7.761
70'400;5'467.00;7.766
70'500;5'478.00;7.77
70'600;5'489.00;7.775
70'700;5'500.00;7.779
70'800;5'511.00;7.784
70'900;5'522.00;7.788
71'000;5'533.00;7.793
71'100;5'544.00;7.797
71'200;5'555.00;7.802
71'300;5'566.00;7.806
71'400;5'577.00;7.811
71'500;5'588.00;7.815
71'600;5'599.00;7.82
71'700;5'610.00;7.824
71'800;5'621.00;7.829
71'900;5'632.00;7.833
72'000;5'643.00;7.838
72'100;5'654.00;7.842
72'200;5'665.00;7.846
72'300;5'676.00;7.851
72'400;5'687.00;7.855
72'500;5'698.00;7.859
72'600;5'709.00;7.864
72'700;5'720.00;7.868
72'800;5'731.00;7.872
72'900;5'742.00;7.877
73'000;5'753.00;7.881
73'100;5'764.00;7.885
73'200;5'775.00;7.889
73'300;5'786.00;7.894
73'400;5'797.00;7.898
73'500;5'808.00;7.902
73'600;5'819.00;7.906
73'700;5'830.00;7.91
73'800;5'841.00;7.915
73'900;5'852.00;7.919
74'000;5'863.00;7.923
74'100;5'874.00;7.927
74'200;5'885.00;7.931
74'300;5'896.00;7.935
74'400;5'907.00;7.94
74'500;5'918.00;7.944
74'600;5'929.00;7.948
74'700;5'940.00;7.952
74'800;5'951.00;7.956
74'900;5'962.00;7.96
75'000;5'973.00;7.964
75'100;5'984.00;7.968
75'200;5'995.00;7.972
75'300;6'006.00;7.976
75'400;6'017.00;7.98
75'500;6'028.00;7.984
75'600;6'039.00;7.988
75'700;6'050.00;7.992
75'800;6'061.00;7.996
75'900;6'072.00;8
76'000;6'083.00;8.004
76'100;6'094.00;8.008
76'200;6'105.00;8.012
76'300;6'116.00;8.016
76'400;6'127.00;8.02
76'500;6'138.00;8.024
76'600;6'149.00;8.027
76'700;6'160.00;8.031
76'800;6'171.00;8.035
76'900;6'182.00;8.039
77'000;6'193.00;8.043
77'100;6'204.00;8.047
77'200;6'215.00;8.051
77'300;6'226.00;8.054
77'400;6'237.00;8.058
77'500;6'248.00;8.062
77'600;6'259.00;8.066
77'700;6'270.00;8.069
77'800;6'281.00;8.073
77'900;6'292.00;8.077
78'000;6'303.00;8.081
78'100;6'314.00;8.085
78'200;6'325.00;8.088
78'300;6'336.00;8.092
78'400;6'347.00;8.096
78'500;6'358.00;8.099
78'600;6'369.00;8.103
78'700;6'380.00;8.107
78'800;6'391.00;8.11
78'900;6'402.00;8.114
79'000;6'413.00;8.118
79'100;6'424.00;8.121
79'200;6'435.00;8.125
79'300;6'446.00;8.129
79'400;6'457.00;8.132
79'500;6'468.00;8.136
79'600;6'479.00;8.139
79'700;6'490.00;8.143
79'800;6'501.00;8.147
79'900;6'512.00;8.15
80'000;6'523.00;8.154
80'100;6'534.00;8.157
80'200;6'545.00;8.161
80'300;6'556.00;8.164
80'400;6'567.00;8.168
80'500;6'578.00;8.171
80'600;6'589.00;8.175
80'700;6'600.00;8.178
80'800;6'611.00;8.182
80'900;6'622.00;8.185
81'000;6'633.00;8.189
81'100;6'644.00;8.192
81'200;6'655.00;8.196
81'300;6'666.00;8.199
81'400;6'677.00;8.203
81'500;6'688.00;8.206
81'600;6'699.00;8.21
81'700;6'710.00;8.213
81'800;6'721.00;8.216
81'900;6'732.00;8.22
82'000;6'743.00;8.223
82'100;6'754.00;8.227
82'200;6'765.00;8.23
82'300;6'776.00;8.233
82'400;6'787.00;8.237
82'500;6'798.00;8.24
82'600;6'809.00;8.243
82'700;6'820.00;8.247
82'800;6'831.00;8.25
82'900;6'842.00;8.253
83'000;6'853.00;8.257
83'100;6'864.00;8.26
83'200;6'875.00;8.263
83'300;6'886.00;8.267
83'400;6'897.00;8.27
83'500;6'908.00;8.273
83'600;6'919.00;8.276
83'700;6'930.00;8.28
83'800;6'941.00;8.283
83'900;6'952.00;8.286
84'000;6'963.00;8.289
84'100;6'974.00;8.293
84'200;6'985.00;8.296
84'300;6'996.00;8.299
84'400;7'007.00;8.302
84'500;7'018.00;8.305
84'600;7'029.00;8.309
84'700;7'040.00;8.312
84'800;7'051.00;8.315
84'900;7'062.00;8.318
85'000;7'073.00;8.321
85'100;7'084.00;8.324
85'200;7'095.00;8.327
85'300;7'106.00;8.331
85'400;7'117.00;8.334
85'500;7'128.00;8.337
85'600;7'139.00;8.34
85'700;7'150.00;8.343
85'800;7'161.00;8.346
85'900;7'172.00;8.349
86'000;7'183.00;8.352
86'100;7'195.00;8.357
86'200;7'207.00;8.361
86'300;7'219.00;8.365
86'400;7'231.00;8.369
86'500;7'243.00;8.373
86'600;7'255.00;8.378
86'700;7'267.00;8.382
86'800;7'279.00;8.386
86'900;7'291.00;8.39
87'000;7'303.00;8.394
87'100;7'315.00;8.398
87'200;7'327.00;8.403
87'300;7'339.00;8.407
87'400;7'351.00;8.411
87'500;7'363.00;8.415
87'600;7'375.00;8.419
87'700;7'387.00;8.423
87'800;7'399.00;8.427
87'900;7'411.00;8.431
88'000;7'423.00;8.435
88'100;7'435.00;8.439
88'200;7'447.00;8.443
88'300;7'459.00;8.447
88'400;7'471.00;8.451
88'500;7'483.00;8.455
88'600;7'495.00;8.459
88'700;7'507.00;8.463
88'800;7'519.00;8.467
88'900;7'531.00;8.471
89'000;7'543.00;8.475
89'100;7'555.00;8.479
89'200;7'567.00;8.483
89'300;7'579.00;8.487
89'400;7'591.00;8.491
89'500;7'603.00;8.495
89'600;7'615.00;8.499
89'700;7'627.00;8.503
89'800;7'639.00;8.507
89'900;7'651.00;8.511
90'000;7'663.00;8.514
90'100;7'675.00;8.518
90'200;7'687.00;8.522
90'300;7'699.00;8.526
90'400;7'711.00;8.53
90'500;7'723.00;8.534
90'600;7'735.00;8.538
90'700;7'747.00;8.541
90'800;7'759.00;8.545
90'900;7'771.00;8.549
91'000;7'783.00;8.553
91'100;7'795.00;8.557
91'200;7'807.00;8.56
91'300;7'819.00;8.564
91'400;7'831.00;8.568
91'500;7'843.00;8.572
91'600;7'855.00;8.575
91'700;7'867.00;8.579
91'800;7'879.00;8.583
91'900;7'891.00;8.587
92'000;7'903.00;8.59
92'100;7'915.00;8.594
92'200;7'927.00;8.598
92'300;7'939.00;8.601
92'400;7'951.00;8.605
92'500;7'963.00;8.609
92'600;7'975.00;8.612
92'700;7'987.00;8.616
92'800;7'999.00;8.62
92'900;8'011.00;8.623
93'000;8'023.00;8.627
93'100;8'035.00;8.631
93'200;8'047.00;8.634
93'300;8'059.00;8.638
93'400;8'071.00;8.641
93'500;8'083.00;8.645
93'600;8'095.00;8.649
93'700;8'107.00;8.652
93'800;8'119.00;8.656
93'900;8'131.00;8.659
94'000;8'143.00;8.663
94'100;8'155.00;8.666
94'200;8'167.00;8.67
94'300;8'179.00;8.673
94'400;8'191.00;8.677
94'500;8'203.00;8.68
94'600;8'215.00;8.684
94'700;8'227.00;8.687
94'800;8'239.00;8.691
94'900;8'251.00;8.694
95'000;8'263.00;8.698
95'100;8'275.00;8.701
95'200;8'287.00;8.705
95'300;8'299.00;8.708
95'400;8'311.00;8.712
95'500;8'323.00;8.715
95'600;8'335.00;8.719
95'700;8'347.00;8.722
95'800;8'359.00;8.725
95'900;8'371.00;8.729
96'000;8'383.00;8.732
96'100;8'395.00;8.736
96'200;8'407.00;8.739
96'300;8'419.00;8.742
96'400;8'431.00;8.746
96'500;8'443.00;8.749
96'600;8'455.00;8.753
96'700;8'467.00;8.756
96'800;8'479.00;8.759
96'900;8'491.00;8.763
97'000;8'503.00;8.766
97'100;8'515.00;8.769
97'200;8'527.00;8.773
97'300;8'539.00;8.776
97'400;8'551.00;8.779
97'500;8'563.00;8.783
97'600;8'575.00;8.786
97'700;8'587.00;8.789
97'800;8'599.00;8.792
97'900;8'611.00;8.796
98'000;8'623.00;8.799
98'100;8'635.00;8.802
98'200;8'647.00;8.805
98'300;8'659.00;8.809
98'400;8'671.00;8.812
98'500;8'683.00;8.815
98'600;8'695.00;8.818
98'700;8'707.00;8.822
98'800;8'719.00;8.825
98'900;8'731.00;8.828
99'000;8'743.00;8.831
99'100;8'755.00;8.835
99'200;8'767.00;8.838
99'300;8'779.00;8.841
99'400;8'791.00;8.844
99'500;8'803.00;8.847
99'600;8'815.00;8.85
99'700;8'827.00;8.854
99'800;8'839.00;8.857
99'900;8'851.00;8.86
100'000;8'863.00;8.863
100'100;8'875.00;8.866
100'200;8'887.00;8.869
100'300;8'899.00;8.872
100'400;8'911.00;8.875
100'500;8'923.00;8.879
100'600;8'935.00;8.882
100'700;8'947.00;8.885
100'800;8'959.00;8.888
100'900;8'971.00;8.891
101'000;8'983.00;8.894
101'100;8'995.00;8.897
101'200;9'007.00;8.9
101'300;9'019.00;8.903
101'400;9'031.00;8.906
101'500;9'043.00;8.909
101'600;9'055.00;8.912
101'700;9'067.00;8.915
101'800;9'079.00;8.918
101'900;9'091.00;8.921
102'000;9'103.50;8.925
102'100;9'116.00;8.929
102'200;9'128.50;8.932
102'300;9'141.00;8.935
102'400;9'153.50;8.939
102'500;9'166.00;8.942
102'600;9'178.50;8.946
102'700;9'191.00;8.949
102'800;9'203.50;8.953
102'900;9'216.00;8.956
103'000;9'228.50;8.96
103'100;9'241.00;8.963
103'200;9'253.50;8.967
103'300;9'266.00;8.97
103'400;9'278.50;8.973
103'500;9'291.00;8.977
103'600;9'303.50;8.98
103'700;9'316.00;8.984
103'800;9'328.50;8.987
103'900;9'341.00;8.99
104'000;9'353.50;8.994
104'100;9'366.00;8.997
104'200;9'378.50;9
104'300;9'391.00;9.004
104'400;9'403.50;9.007
104'500;9'416.00;9.011
104'600;9'428.50;9.014
104'700;9'441.00;9.017
104'800;9'453.50;9.021
104'900;9'466.00;9.024
105'000;9'478.50;9.027
105'100;9'491.00;9.03
105'200;9'503.50;9.034
105'300;9'516.00;9.037
105'400;9'528.50;9.04
105'500;9'541.00;9.044
105'600;9'553.50;9.047
105'700;9'566.00;9.05
105'800;9'578.50;9.053
105'900;9'591.00;9.057
106'000;9'603.50;9.06
106'100;9'616.00;9.063
106'200;9'628.50;9.066
106'300;9'641.00;9.07
106'400;9'653.50;9.073
106'500;9'666.00;9.076
106'600;9'678.50;9.079
106'700;9'691.00;9.082
106'800;9'703.50;9.086
106'900;9'716.00;9.089
107'000;9'728.50;9.092
107'100;9'741.00;9.095
107'200;9'753.50;9.098
107'300;9'766.00;9.102
107'400;9'778.50;9.105
107'500;9'791.00;9.108
107'600;9'803.50;9.111
107'700;9'816.00;9.114
107'800;9'828.50;9.117
107'900;9'841.00;9.12
108'000;9'853.50;9.124
108'100;9'866.00;9.127
108'200;9'878.50;9.13
108'300;9'891.00;9.133
108'400;9'903.50;9.136
108'500;9'916.00;9.139
108'600;9'928.50;9.142
108'700;9'941.00;9.145
108'800;9'953.50;9.148
108'900;9'966.00;9.152
109'000;9'978.50;9.155
109'100;9'991.00;9.158
109'200;10'003.50;9.161
109'300;10'016.00;9.164
109'400;10'028.50;9.167
109'500;10'041.00;9.17
109'600;10'053.50;9.173
109'700;10'066.00;9.176
109'800;10'078.50;9.179
109'900;10'091.00;9.182
110'000;10'103.50;9.185
110'100;10'116.00;9.188
110'200;10'128.50;9.191
110'300;10'141.00;9.194
110'400;10'153.50;9.197
110'500;10'166.00;9.2
110'600;10'178.50;9.203
110'700;10'191.00;9.206
110'800;10'203.50;9.209
110'900;10'216.00;9.212
111'000;10'228.50;9.215
111'100;10'241.00;9.218
111'200;10'253.50;9.221
111'300;10'266.00;9.224
111'400;10'278.50;9.227
111'500;10'291.00;9.23
111'600;10'303.50;9.233
111'700;10'316.00;9.235
111'800;10'328.50;9.238
111'900;10'341.00;9.241
112'000;10'353.50;9.244
112'100;10'366.00;9.247
112'200;10'378.50;9.25
112'300;10'391.00;9.253
112'400;10'403.50;9.256
112'500;10'416.00;9.259
112'600;10'428.50;9.262
112'700;10'441.00;9.264
112'800;10'453.50;9.267
112'900;10'466.00;9.27
113'000;10'478.50;9.273
113'100;10'491.00;9.276
113'200;10'503.50;9.279
113'300;10'516.00;9.282
113'400;10'528.50;9.284
113'500;10'541.00;9.287
113'600;10'553.50;9.29
113'700;10'566.00;9.293
113'800;10'578.50;9.296
113'900;10'591.00;9.299
114'000;10'603.50;9.301
114'100;10'616.00;9.304
114'200;10'628.50;9.307
114'300;10'641.00;9.31
114'400;10'653.50;9.313
114'500;10'666.00;9.315
114'600;10'678.50;9.318
114'700;10'691.00;9.321
114'800;10'703.50;9.324
114'900;10'716.00;9.326
115'000;10'728.50;9.329
115'100;10'741.00;9.332
115'200;10'753.50;9.335
115'300;10'766.00;9.337
115'400;10'778.50;9.34
115'500;10'791.00;9.343
115'600;10'803.50;9.346
115'700;10'816.00;9.348
115'800;10'828.50;9.351
115'900;10'841.00;9.354
116'000;10'853.50;9.356
116'100;10'866.00;9.359
116'200;10'878.50;9.362
116'300;10'891.00;9.365
116'400;10'903.50;9.367
116'500;10'916.00;9.37
116'600;10'928.50;9.373
116'700;10'941.00;9.375
116'800;10'953.50;9.378
116'900;10'966.00;9.381
117'000;10'978.50;9.383
117'100;10'991.00;9.386
117'200;11'003.50;9.389
117'300;11'016.00;9.391
117'400;11'028.50;9.394
117'500;11'041.00;9.397
117'600;11'053.50;9.399
117'700;11'066.00;9.402
117'800;11'078.50;9.404
117'900;11'091.00;9.407
118'000;11'103.50;9.41
118'100;11'116.00;9.412
118'200;11'128.50;9.415
118'300;11'141.00;9.418
118'400;11'153.50;9.42
118'500;11'166.00;9.423
118'600;11'178.50;9.425
118'700;11'191.00;9.428
118'800;11'203.50;9.431
118'900;11'216.00;9.433
119'000;11'228.50;9.436
119'100;11'241.00;9.438
119'200;11'253.50;9.441
119'300;11'266.00;9.443
119'400;11'278.50;9.446
119'500;11'291.00;9.449
119'600;11'303.50;9.451
119'700;11'316.00;9.454
119'800;11'328.50;9.456
119'900;11'341.00;9.459
120'000;11'353.50;9.461
120'100;11'366.00;9.464
120'200;11'378.50;9.466
120'300;11'391.00;9.469
120'400;11'403.50;9.471
120'500;11'416.00;9.474
120'600;11'428.50;9.476
120'700;11'441.00;9.479
120'800;11'453.50;9.481
120'900;11'466.00;9.484
121'000;11'478.50;9.486
121'100;11'491.00;9.489
121'200;11'503.50;9.491
121'300;11'516.00;9.494
121'400;11'528.50;9.496
121'500;11'541.00;9.499
121'600;11'553.50;9.501
121'700;11'566.00;9.504
121'800;11'578.50;9.506
121'900;11'591.00;9.509
122'000;11'603.50;9.511
122'100;11'616.00;9.514
122'200;11'628.50;9.516
122'300;11'641.00;9.518
122'400;11'653.50;9.521
122'500;11'666.00;9.523
122'600;11'678.50;9.526
122'700;11'691.00;9.528
122'800;11'703.50;9.531
122'900;11'716.00;9.533
123'000;11'728.50;9.535
123'100;11'741.00;9.538
123'200;11'753.50;9.54
123'300;11'766.00;9.543
123'400;11'778.50;9.545
123'500;11'791.00;9.547
123'600;11'803.50;9.55
123'700;11'816.00;9.552
123'800;11'828.50;9.555
123'900;11'841.00;9.557
124'000;11'853.50;9.559
124'100;11'866.00;9.562
124'200;11'878.50;9.564
124'300;11'891.00;9.566
124'400;11'903.50;9.569
124'500;11'916.00;9.571
124'600;11'928.50;9.573
124'700;11'941.00;9.576
124'800;11'953.50;9.578
124'900;11'966.00;9.58
125'000;11'978.50;9.583
125'100;11'991.00;9.585
125'200;12'003.50;9.587
125'300;12'016.00;9.59
125'400;12'028.50;9.592
125'500;12'041.00;9.594
125'600;12'053.50;9.597
125'700;12'066.00;9.599
125'800;12'078.50;9.601
125'900;12'091.00;9.604
126'000;12'103.50;9.606
126'100;12'116.00;9.608
126'200;12'128.50;9.611
126'300;12'141.00;9.613
126'400;12'153.50;9.615
126'500;12'166.00;9.617
126'600;12'178.50;9.62
126'700;12'191.00;9.622
126'800;12'203.50;9.624
126'900;12'216.00;9.626
127'000;12'228.50;9.629
127'100;12'241.00;9.631
127'200;12'253.50;9.633
127'300;12'266.00;9.636
127'400;12'278.50;9.638
127'500;12'291.50;9.64
127'600;12'304.50;9.643
127'700;12'317.50;9.646
127'800;12'330.50;9.648
127'900;12'343.50;9.651
128'000;12'356.50;9.654
128'100;12'369.50;9.656
128'200;12'382.50;9.659
128'300;12'395.50;9.661
128'400;12'408.50;9.664
128'500;12'421.50;9.667
128'600;12'434.50;9.669
128'700;12'447.50;9.672
128'800;12'460.50;9.674
128'900;12'473.50;9.677
129'000;12'486.50;9.679
129'100;12'499.50;9.682
129'200;12'512.50;9.685
129'300;12'525.50;9.687
129'400;12'538.50;9.69
129'500;12'551.50;9.692
129'600;12'564.50;9.695
129'700;12'577.50;9.697
129'800;12'590.50;9.7
129'900;12'603.50;9.702
130'000;12'616.50;9.705
130'100;12'629.50;9.708
130'200;12'642.50;9.71
130'300;12'655.50;9.713
130'400;12'668.50;9.715
130'500;12'681.50;9.718
130'600;12'694.50;9.72
130'700;12'707.50;9.723
130'800;12'720.50;9.725
130'900;12'733.50;9.728
131'000;12'746.50;9.73
131'100;12'759.50;9.733
131'200;12'772.50;9.735
131'300;12'785.50;9.738
131'400;12'798.50;9.74
131'500;12'811.50;9.743
131'600;12'824.50;9.745
131'700;12'837.50;9.748
131'800;12'850.50;9.75
131'900;12'863.50;9.752
132'000;12'876.50;9.755
132'100;12'889.50;9.757
132'200;12'902.50;9.76
132'300;12'915.50;9.762
132'400;12'928.50;9.765
132'500;12'941.50;9.767
132'600;12'954.50;9.77
132'700;12'967.50;9.772
132'800;12'980.50;9.774
132'900;12'993.50;9.777
133'000;13'006.50;9.779
133'100;13'019.50;9.782
133'200;13'032.50;9.784
133'300;13'045.50;9.787
133'400;13'058.50;9.789
133'500;13'071.50;9.791
133'600;13'084.50;9.794
133'700;13'097.50;9.796
133'800;13'110.50;9.799
133'900;13'123.50;9.801
134'000;13'136.50;9.803
134'100;13'149.50;9.806
134'200;13'162.50;9.808
134'300;13'175.50;9.81
134'400;13'188.50;9.813
134'500;13'201.50;9.815
134'600;13'214.50;9.818
134'700;13'227.50;9.82
134'800;13'240.50;9.822
134'900;13'253.50;9.825
135'000;13'266.50;9.827
135'100;13'279.50;9.829
135'200;13'292.50;9.832
135'300;13'305.50;9.834
135'400;13'318.50;9.836
135'500;13'331.50;9.839
135'600;13'344.50;9.841
135'700;13'357.50;9.843
135'800;13'370.50;9.846
135'900;13'383.50;9.848
136'000;13'396.50;9.85
136'100;13'409.50;9.853
136'200;13'422.50;9.855
136'300;13'435.50;9.857
136'400;13'448.50;9.86
136'500;13'461.50;9.862
136'600;13'474.50;9.864
136'700;13'487.50;9.866
136'800;13'500.50;9.869
136'900;13'513.50;9.871
137'000;13'526.50;9.873
137'100;13'539.50;9.876
137'200;13'552.50;9.878
137'300;13'565.50;9.88
137'400;13'578.50;9.882
137'500;13'591.50;9.885
137'600;13'604.50;9.887
137'700;13'617.50;9.889
137'800;13'630.50;9.892
137'900;13'643.50;9.894
138'000;13'656.50;9.896
138'100;13'669.50;9.898
138'200;13'682.50;9.901
138'300;13'695.50;9.903
138'400;13'708.50;9.905
138'500;13'721.50;9.907
138'600;13'734.50;9.909
138'700;13'747.50;9.912
138'800;13'760.50;9.914
138'900;13'773.50;9.916
139'000;13'786.50;9.918
139'100;13'799.50;9.921
139'200;13'812.50;9.923
139'300;13'825.50;9.925
139'400;13'838.50;9.927
139'500;13'851.50;9.929
139'600;13'864.50;9.932
139'700;13'877.50;9.934
139'800;13'890.50;9.936
139'900;13'903.50;9.938
140'000;13'916.50;9.94
140'100;13'929.50;9.943
140'200;13'942.50;9.945
140'300;13'955.50;9.947
140'400;13'968.50;9.949
140'500;13'981.50;9.951
140'600;13'994.50;9.953
140'700;14'007.50;9.956
140'800;14'020.50;9.958
140'900;14'033.50;9.96
141'000;14'046.50;9.962
141'100;14'059.50;9.964
141'200;14'072.50;9.966
141'300;14'085.50;9.969
141'400;14'098.50;9.971
141'500;14'111.50;9.973
141'600;14'124.50;9.975
141'700;14'137.50;9.977
141'800;14'150.50;9.979
141'900;14'163.50;9.981
142'000;14'176.50;9.983
142'100;14'189.50;9.986
142'200;14'202.50;9.988
142'300;14'215.50;9.99
142'400;14'228.50;9.992
142'500;14'241.50;9.994
142'600;14'254.50;9.996
142'700;14'267.50;9.998
142'800;14'280.50;10
142'900;14'293.50;10.002
143'000;14'306.50;10.005
143'100;14'319.50;10.007
143'200;14'332.50;10.009
143'300;14'345.50;10.011
143'400;14'358.50;10.013
143'500;14'371.50;10.015
143'600;14'384.50;10.017
143'700;14'397.50;10.019
143'800;14'410.50;10.021
143'900;14'423.50;10.023
144'000;14'436.50;10.025
144'100;14'449.50;10.027
144'200;14'462.50;10.029
144'300;14'475.50;10.032
144'400;14'488.50;10.034
144'500;14'501.50;10.036
144'600;14'514.50;10.038
144'700;14'527.50;10.04
144'800;14'540.50;10.042
144'900;14'553.50;10.044
145'000;14'566.50;10.046
145'100;14'579.50;10.048
145'200;14'592.50;10.05
145'300;14'605.50;10.052
145'400;14'618.50;10.054
145'500;14'631.50;10.056
145'600;14'644.50;10.058
145'700;14'657.50;10.06
145'800;14'670.50;10.062
145'900;14'683.50;10.064
146'000;14'696.50;10.066
146'100;14'709.50;10.068
146'200;14'722.50;10.07
146'300;14'735.50;10.072
146'400;14'748.50;10.074
146'500;14'761.50;10.076
146'600;14'774.50;10.078
146'700;14'787.50;10.08
146'800;14'800.50;10.082
146'900;14'813.50;10.084
147'000;14'826.50;10.086
147'100;14'839.50;10.088
147'200;14'852.50;10.09
147'300;14'865.50;10.092
147'400;14'878.50;10.094
147'500;14'891.50;10.096
147'600;14'904.50;10.098
147'700;14'917.50;10.1
147'800;14'930.50;10.102
147'900;14'943.50;10.104
148'000;14'956.50;10.106
148'100;14'969.50;10.108
148'200;14'982.50;10.11
148'300;14'995.50;10.112
148'400;15'008.50;10.114
148'500;15'021.50;10.115
148'600;15'034.50;10.117
148'700;15'047.50;10.119
148'800;15'060.50;10.121
148'900;15'073.50;10.123
149'000;15'086.50;10.125
149'100;15'099.50;10.127
149'200;15'112.50;10.129
149'300;15'125.50;10.131
149'400;15'138.50;10.133
149'500;15'151.50;10.135
149'600;15'164.50;10.137
149'700;15'177.50;10.139
149'800;15'190.50;10.141
149'900;15'203.50;10.142
150'000;15'216.50;10.144
150'100;15'229.50;10.146
150'200;15'242.50;10.148
150'300;15'255.50;10.15
150'400;15'268.50;10.152
150'500;15'281.50;10.154
150'600;15'294.50;10.156
150'700;15'307.50;10.158
150'800;15'320.50;10.159
150'900;15'333.50;10.161
151'000;15'346.50;10.163
151'100;15'359.50;10.165
151'200;15'372.50;10.167
151'300;15'385.50;10.169
151'400;15'398.50;10.171
151'500;15'411.50;10.173
151'600;15'424.50;10.174
151'700;15'437.50;10.176
151'800;15'450.50;10.178
151'900;15'463.50;10.18
152'000;15'476.50;10.182
152'100;15'489.50;10.184
152'200;15'502.50;10.186
152'300;15'515.50;10.187
152'400;15'528.50;10.189
152'500;15'541.50;10.191
152'600;15'554.50;10.193
152'700;15'567.50;10.195
152'800;15'580.50;10.197
152'900;15'594.00;10.199
153'000;15'607.50;10.201
153'100;15'621.00;10.203
153'200;15'634.50;10.205
153'300;15'648.00;10.207
153'400;15'661.50;10.21
153'500;15'675.00;10.212
153'600;15'688.50;10.214
153'700;15'702.00;10.216
153'800;15'715.50;10.218
153'900;15'729.00;10.22
154'000;15'742.50;10.222
154'100;15'756.00;10.225
154'200;15'769.50;10.227
154'300;15'783.00;10.229
154'400;15'796.50;10.231
154'500;15'810.00;10.233
154'600;15'823.50;10.235
154'700;15'837.00;10.237
154'800;15'850.50;10.239
154'900;15'864.00;10.241
155'000;15'877.50;10.244
155'100;15'891.00;10.246
155'200;15'904.50;10.248
155'300;15'918.00;10.25
155'400;15'931.50;10.252
155'500;15'945.00;10.254
155'600;15'958.50;10.256
155'700;15'972.00;10.258
155'800;15'985.50;10.26
155'900;15'999.00;10.262
156'000;16'012.50;10.264
156'100;16'026.00;10.266
156'200;16'039.50;10.269
156'300;16'053.00;10.271
156'400;16'066.50;10.273
156'500;16'080.00;10.275
156'600;16'093.50;10.277
156'700;16'107.00;10.279
156'800;16'120.50;10.281
156'900;16'134.00;10.283
157'000;16'147.50;10.285
157'100;16'161.00;10.287
157'200;16'174.50;10.289
157'300;16'188.00;10.291
157'400;16'201.50;10.293
157'500;16'215.00;10.295
157'600;16'228.50;10.297
157'700;16'242.00;10.299
157'800;16'255.50;10.301
157'900;16'269.00;10.303
158'000;16'282.50;10.305
158'100;16'296.00;10.307
158'200;16'309.50;10.309
158'300;16'323.00;10.311
158'400;16'336.50;10.313
158'500;16'350.00;10.315
158'600;16'363.50;10.317
158'700;16'377.00;10.319
158'800;16'390.50;10.321
158'900;16'404.00;10.323
159'000;16'417.50;10.325
159'100;16'431.00;10.327
159'200;16'444.50;10.329
159'300;16'458.00;10.331
159'400;16'471.50;10.333
159'500;16'485.00;10.335
159'600;16'498.50;10.337
159'700;16'512.00;10.339
159'800;16'525.50;10.341
159'900;16'539.00;10.343
160'000;16'552.50;10.345
160'100;16'566.00;10.347
160'200;16'579.50;10.349
160'300;16'593.00;10.351
160'400;16'606.50;10.353
160'500;16'620.00;10.355
160'600;16'633.50;10.357
160'700;16'647.00;10.359
160'800;16'660.50;10.361
160'900;16'674.00;10.363
161'000;16'687.50;10.365
161'100;16'701.00;10.367
161'200;16'714.50;10.369
161'300;16'728.00;10.371
161'400;16'741.50;10.373
161'500;16'755.00;10.375
161'600;16'768.50;10.377
161'700;16'782.00;10.378
161'800;16'795.50;10.38
161'900;16'809.00;10.382
162'000;16'822.50;10.384
162'100;16'836.00;10.386
162'200;16'849.50;10.388
162'300;16'863.00;10.39
162'400;16'876.50;10.392
162'500;16'890.00;10.394
162'600;16'903.50;10.396
162'700;16'917.00;10.398
162'800;16'930.50;10.4
162'900;16'944.00;10.401
163'000;16'957.50;10.403
163'100;16'971.00;10.405
163'200;16'984.50;10.407
163'300;16'998.00;10.409
163'400;17'011.50;10.411
163'500;17'025.00;10.413
163'600;17'038.50;10.415
163'700;17'052.00;10.417
163'800;17'065.50;10.418
163'900;17'079.00;10.42
164'000;17'092.50;10.422
164'100;17'106.00;10.424
164'200;17'119.50;10.426
164'300;17'133.00;10.428
164'400;17'146.50;10.43
164'500;17'160.00;10.432
164'600;17'173.50;10.433
164'700;17'187.00;10.435
164'800;17'200.50;10.437
164'900;17'214.00;10.439
165'000;17'227.50;10.441
165'100;17'241.00;10.443
165'200;17'254.50;10.445
165'300;17'268.00;10.446
165'400;17'281.50;10.448
165'500;17'295.00;10.45
165'600;17'308.50;10.452
165'700;17'322.00;10.454
165'800;17'335.50;10.456
165'900;17'349.00;10.458
166'000;17'362.50;10.459
166'100;17'376.00;10.461
166'200;17'389.50;10.463
166'300;17'403.00;10.465
166'400;17'416.50;10.467
166'500;17'430.00;10.468
166'600;17'443.50;10.47
166'700;17'457.00;10.472
166'800;17'470.50;10.474
166'900;17'484.00;10.476
167'000;17'497.50;10.478
167'100;17'511.00;10.479
167'200;17'524.50;10.481
167'300;17'538.00;10.483
167'400;17'551.50;10.485
167'500;17'565.00;10.487
167'600;17'578.50;10.488
167'700;17'592.00;10.49
167'800;17'605.50;10.492
167'900;17'619.00;10.494
168'000;17'632.50;10.496
168'100;17'646.00;10.497
168'200;17'659.50;10.499
168'300;17'673.00;10.501
168'400;17'686.50;10.503
168'500;17'700.00;10.504
168'600;17'713.50;10.506
168'700;17'727.00;10.508
168'800;17'740.50;10.51
168'900;17'754.00;10.512
169'000;17'767.50;10.513
169'100;17'781.00;10.515
169'200;17'794.50;10.517
169'300;17'808.00;10.519
169'400;17'821.50;10.52
169'500;17'835.00;10.522
169'600;17'848.50;10.524
169'700;17'862.00;10.526
169'800;17'875.50;10.527
169'900;17'889.00;10.529
170'000;17'902.50;10.531
170'100;17'916.00;10.533
170'200;17'929.50;10.534
170'300;17'943.00;10.536
170'400;17'956.50;10.538
170'500;17'970.00;10.54
170'600;17'983.50;10.541
170'700;17'997.00;10.543
170'800;18'010.50;10.545
170'900;18'024.00;10.547
171'000;18'037.50;10.548
171'100;18'051.00;10.55
171'200;18'064.50;10.552
171'300;18'078.00;10.553
171'400;18'091.50;10.555
171'500;18'105.00;10.557
171'600;18'118.50;10.559
171'700;18'132.00;10.56
171'800;18'145.50;10.562
171'900;18'159.00;10.564
172'000;18'172.50;10.565
172'100;18'186.00;10.567
172'200;18'199.50;10.569
172'300;18'213.00;10.571
172'400;18'226.50;10.572
172'500;18'240.00;10.574
172'600;18'253.50;10.576
172'700;18'267.00;10.577
172'800;18'280.50;10.579
172'900;18'294.00;10.581
173'000;18'307.50;10.582
173'100;18'321.00;10.584
173'200;18'334.50;10.586
173'300;18'348.00;10.587
173'400;18'361.50;10.589
173'500;18'375.00;10.591
173'600;18'388.50;10.592
173'700;18'402.00;10.594
173'800;18'415.50;10.596
173'900;18'429.00;10.597
174'000;18'442.50;10.599
174'100;18'456.00;10.601
174'200;18'469.50;10.602
174'300;18'483.00;10.604
174'400;18'496.50;10.606
174'500;18'510.00;10.607
174'600;18'523.50;10.609
174'700;18'537.00;10.611
174'800;18'550.50;10.612
174'900;18'564.00;10.614
175'000;18'577.50;10.616
175'100;18'591.00;10.617
175'200;18'604.50;10.619
175'300;18'618.00;10.621
175'400;18'631.50;10.622
175'500;18'645.00;10.624
175'600;18'658.50;10.626
175'700;18'672.00;10.627
175'800;18'685.50;10.629
175'900;18'699.00;10.63
176'000;18'712.50;10.632
176'100;18'726.00;10.634
176'200;18'739.50;10.635
176'300;18'753.00;10.637
176'400;18'766.50;10.639
176'500;18'780.00;10.64
176'600;18'793.50;10.642
176'700;18'807.00;10.643
176'800;18'820.50;10.645
176'900;18'834.00;10.647
177'000;18'847.50;10.648
177'100;18'861.00;10.65
177'200;18'874.50;10.652
177'300;18'888.00;10.653
177'400;18'901.50;10.655
177'500;18'915.00;10.656
177'600;18'928.50;10.658
177'700;18'942.00;10.66
177'800;18'955.50;10.661
177'900;18'969.00;10.663
178'000;18'982.50;10.664
178'100;18'996.00;10.666
178'200;19'009.50;10.668
178'300;19'023.00;10.669
178'400;19'036.50;10.671
178'500;19'050.00;10.672
178'600;19'063.50;10.674
178'700;19'077.00;10.675
178'800;19'090.50;10.677
178'900;19'104.00;10.679
179'000;19'117.50;10.68
179'100;19'131.00;10.682
179'200;19'144.50;10.683
179'300;19'158.00;10.685
179'400;19'171.50;10.686
179'500;19'185.00;10.688
179'600;19'198.50;10.69
179'700;19'212.00;10.691
179'800;19'225.50;10.693
179'900;19'239.00;10.694
180'000;19'252.50;10.696
180'100;19'266.00;10.697
180'200;19'279.50;10.699
180'300;19'293.00;10.7
180'400;19'306.50;10.702
180'500;19'320.00;10.704
180'600;19'333.50;10.705
180'700;19'347.00;10.707
180'800;19'360.50;10.708
180'900;19'374.00;10.71
181'000;19'387.50;10.711
181'100;19'401.00;10.713
181'200;19'414.50;10.714
181'300;19'428.00;10.716
181'400;19'441.50;10.717
181'500;19'455.00;10.719
181'600;19'469.00;10.721
181'700;19'483.00;10.723
181'800;19'497.00;10.724
181'900;19'511.00;10.726
182'000;19'525.00;10.728
182'100;19'539.00;10.73
182'200;19'553.00;10.732
182'300;19'567.00;10.733
182'400;19'581.00;10.735
182'500;19'595.00;10.737
182'600;19'609.00;10.739
182'700;19'623.00;10.741
182'800;19'637.00;10.742
182'900;19'651.00;10.744
183'000;19'665.00;10.746
183'100;19'679.00;10.748
183'200;19'693.00;10.749
183'300;19'707.00;10.751
183'400;19'721.00;10.753
183'500;19'735.00;10.755
183'600;19'749.00;10.757
183'700;19'763.00;10.758
183'800;19'777.00;10.76
183'900;19'791.00;10.762
184'000;19'805.00;10.764
184'100;19'819.00;10.765
184'200;19'833.00;10.767
184'300;19'847.00;10.769
184'400;19'861.00;10.771
184'500;19'875.00;10.772
184'600;19'889.00;10.774
184'700;19'903.00;10.776
184'800;19'917.00;10.778
184'900;19'931.00;10.779
185'000;19'945.00;10.781
185'100;19'959.00;10.783
185'200;19'973.00;10.785
185'300;19'987.00;10.786
185'400;20'001.00;10.788
185'500;20'015.00;10.79
185'600;20'029.00;10.791
185'700;20'043.00;10.793
185'800;20'057.00;10.795
185'900;20'071.00;10.797
186'000;20'085.00;10.798
186'100;20'099.00;10.8
186'200;20'113.00;10.802
186'300;20'127.00;10.804
186'400;20'141.00;10.805
186'500;20'155.00;10.807
186'600;20'169.00;10.809
186'700;20'183.00;10.81
186'800;20'197.00;10.812
186'900;20'211.00;10.814
187'000;20'225.00;10.816
187'100;20'239.00;10.817
187'200;20'253.00;10.819
187'300;20'267.00;10.821
187'400;20'281.00;10.822
187'500;20'295.00;10.824
187'600;20'309.00;10.826
187'700;20'323.00;10.827
187'800;20'337.00;10.829
187'900;20'351.00;10.831
188'000;20'365.00;10.832
188'100;20'379.00;10.834
188'200;20'393.00;10.836
188'300;20'407.00;10.837
188'400;20'421.00;10.839
188'500;20'435.00;10.841
188'600;20'449.00;10.843
188'700;20'463.00;10.844
188'800;20'477.00;10.846
188'900;20'491.00;10.848
189'000;20'505.00;10.849
189'100;20'519.00;10.851
189'200;20'533.00;10.853
189'300;20'547.00;10.854
189'400;20'561.00;10.856
189'500;20'575.00;10.858
189'600;20'589.00;10.859
189'700;20'603.00;10.861
189'800;20'617.00;10.862
189'900;20'631.00;10.864
190'000;20'645.00;10.866
190'100;20'659.00;10.867
190'200;20'673.00;10.869
190'300;20'687.00;10.871
190'400;20'701.00;10.872
190'500;20'715.00;10.874
190'600;20'729.00;10.876
190'700;20'743.00;10.877
190'800;20'757.00;10.879
190'900;20'771.00;10.881
191'000;20'785.00;10.882
191'100;20'799.00;10.884
191'200;20'813.00;10.885
191'300;20'827.00;10.887
191'400;20'841.00;10.889
191'500;20'855.00;10.89
191'600;20'869.00;10.892
191'700;20'883.00;10.894
191'800;20'897.00;10.895
191'900;20'911.00;10.897
192'000;20'925.00;10.898
192'100;20'939.00;10.9
192'200;20'953.00;10.902
192'300;20'967.00;10.903
192'400;20'981.00;10.905
192'500;20'995.00;10.906
192'600;21'009.00;10.908
192'700;21'023.00;10.91
192'800;21'037.00;10.911
192'900;21'051.00;10.913
193'000;21'065.00;10.915
193'100;21'079.00;10.916
193'200;21'093.00;10.918
193'300;21'107.00;10.919
193'400;21'121.00;10.921
193'500;21'135.00;10.922
193'600;21'149.00;10.924
193'700;21'163.00;10.926
193'800;21'177.00;10.927
193'900;21'191.00;10.929
194'000;21'205.00;10.93
194'100;21'219.00;10.932
194'200;21'233.00;10.934
194'300;21'247.00;10.935
194'400;21'261.00;10.937
194'500;21'275.00;10.938
194'600;21'289.00;10.94
194'700;21'303.00;10.941
194'800;21'317.00;10.943
194'900;21'331.00;10.945
195'000;21'345.00;10.946
195'100;21'359.00;10.948
195'200;21'373.00;10.949
195'300;21'387.00;10.951
195'400;21'401.00;10.952
195'500;21'415.00;10.954
195'600;21'429.00;10.956
195'700;21'443.00;10.957
195'800;21'457.00;10.959
195'900;21'471.00;10.96
196'000;21'485.00;10.962
196'100;21'499.00;10.963
196'200;21'513.00;10.965
196'300;21'527.00;10.966
196'400;21'541.00;10.968
196'500;21'555.00;10.969
196'600;21'569.00;10.971
196'700;21'583.00;10.973
196'800;21'597.00;10.974
196'900;21'611.00;10.976
197'000;21'625.00;10.977
197'100;21'639.00;10.979
197'200;21'653.00;10.98
197'300;21'667.00;10.982
197'400;21'681.00;10.983
197'500;21'695.00;10.985
197'600;21'709.00;10.986
197'700;21'723.00;10.988
197'800;21'737.00;10.989
197'900;21'751.00;10.991
198'000;21'765.00;10.992
198'100;21'779.00;10.994
198'200;21'793.00;10.995
198'300;21'807.00;10.997
198'400;21'821.00;10.998
198'500;21'835.00;11
198'600;21'849.00;11.002
198'700;21'863.00;11.003
198'800;21'877.00;11.005
198'900;21'891.00;11.006
199'000;21'905.00;11.008
199'100;21'919.00;11.009
199'200;21'933.00;11.011
199'300;21'947.00;11.012
199'400;21'961.00;11.014
199'500;21'975.00;11.015
199'600;21'989.00;11.017
199'700;22'003.00;11.018
199'800;22'017.00;11.02
199'900;22'031.00;11.021
200'000;22'045.00;11.023
200'100;22'059.00;11.024
200'200;22'073.00;11.025
200'300;22'087.00;11.027
200'400;22'101.00;11.028
200'500;22'115.00;11.03
200'600;22'129.00;11.031
200'700;22'143.00;11.033
200'800;22'157.00;11.034
200'900;22'171.00;11.036
201'000;22'185.00;11.037
201'100;22'199.00;11.039
201'200;22'213.00;11.04
201'300;22'227.00;11.042
201'400;22'241.00;11.043
201'500;22'255.00;11.045
201'600;22'269.00;11.046
201'700;22'283.00;11.048
201'800;22'297.00;11.049
201'900;22'311.00;11.051
202'000;22'325.00;11.052
202'100;22'339.00;11.053
202'200;22'353.00;11.055
202'300;22'367.00;11.056
202'400;22'381.00;11.058
202'500;22'395.00;11.059
202'600;22'409.00;11.061
202'700;22'423.00;11.062
202'800;22'437.00;11.064
202'900;22'451.00;11.065
203'000;22'465.00;11.067
203'100;22'479.00;11.068
203'200;22'493.00;11.069
203'300;22'507.00;11.071
203'400;22'521.00;11.072
203'500;22'535.00;11.074
203'600;22'549.00;11.075
203'700;22'563.00;11.077
203'800;22'577.00;11.078
203'900;22'591.00;11.079
204'000;22'605.00;11.081
204'100;22'619.00;11.082
204'200;22'633.00;11.084
204'300;22'647.00;11.085
204'400;22'661.00;11.087
204'500;22'675.00;11.088
204'600;22'689.00;11.089
204'700;22'703.00;11.091
204'800;22'717.00;11.092
204'900;22'731.00;11.094
205'000;22'745.00;11.095
205'100;22'759.00;11.097
205'200;22'773.00;11.098
205'300;22'787.00;11.099
205'400;22'801.00;11.101
205'500;22'815.00;11.102
205'600;22'829.00;11.104
205'700;22'843.00;11.105
205'800;22'857.00;11.106
205'900;22'871.00;11.108
206'000;22'885.00;11.109
206'100;22'899.00;11.111
206'200;22'913.00;11.112
206'300;22'927.00;11.113
206'400;22'941.00;11.115
206'500;22'955.00;11.116
206'600;22'969.00;11.118
206'700;22'983.00;11.119
206'800;22'997.00;11.12
206'900;23'011.00;11.122
207'000;23'025.00;11.123
207'100;23'039.00;11.125
207'200;23'053.00;11.126
207'300;23'067.00;11.127
207'400;23'081.00;11.129
207'500;23'095.00;11.13
207'600;23'109.00;11.132
207'700;23'123.00;11.133
207'800;23'137.00;11.134
207'900;23'151.00;11.136
208'000;23'165.00;11.137
208'100;23'179.00;11.138
208'200;23'193.00;11.14
208'300;23'207.00;11.141
208'400;23'221.00;11.143
208'500;23'235.00;11.144
208'600;23'249.00;11.145
208'700;23'263.00;11.147
208'800;23'277.00;11.148
208'900;23'291.00;11.149
209'000;23'305.00;11.151
209'100;23'319.00;11.152
209'200;23'333.00;11.153
209'300;23'347.00;11.155
209'400;23'361.00;11.156
209'500;23'375.00;11.158
209'600;23'389.00;11.159
209'700;23'403.00;11.16
209'800;23'417.00;11.162
209'900;23'431.00;11.163
210'000;23'445.00;11.164
210'100;23'459.00;11.166
210'200;23'473.00;11.167
210'300;23'487.50;11.169
210'400;23'502.00;11.17
210'500;23'516.50;11.172
210'600;23'531.00;11.173
210'700;23'545.50;11.175
210'800;23'560.00;11.176
210'900;23'574.50;11.178
211'000;23'589.00;11.18
211'100;23'603.50;11.181
211'200;23'618.00;11.183
211'300;23'632.50;11.184
211'400;23'647.00;11.186
211'500;23'661.50;11.187
211'600;23'676.00;11.189
211'700;23'690.50;11.191
211'800;23'705.00;11.192
211'900;23'719.50;11.194
212'000;23'734.00;11.195
212'100;23'748.50;11.197
212'200;23'763.00;11.198
212'300;23'777.50;11.2
212'400;23'792.00;11.202
212'500;23'806.50;11.203
212'600;23'821.00;11.205
212'700;23'835.50;11.206
212'800;23'850.00;11.208
212'900;23'864.50;11.209
213'000;23'879.00;11.211
213'100;23'893.50;11.212
213'200;23'908.00;11.214
213'300;23'922.50;11.215
213'400;23'937.00;11.217
213'500;23'951.50;11.219
213'600;23'966.00;11.22
213'700;23'980.50;11.222
213'800;23'995.00;11.223
213'900;24'009.50;11.225
214'000;24'024.00;11.226
214'100;24'038.50;11.228
214'200;24'053.00;11.229
214'300;24'067.50;11.231
214'400;24'082.00;11.232
214'500;24'096.50;11.234
214'600;24'111.00;11.235
214'700;24'125.50;11.237
214'800;24'140.00;11.238
214'900;24'154.50;11.24
215'000;24'169.00;11.241
215'100;24'183.50;11.243
215'200;24'198.00;11.244
215'300;24'212.50;11.246
215'400;24'227.00;11.247
215'500;24'241.50;11.249
215'600;24'256.00;11.25
215'700;24'270.50;11.252
215'800;24'285.00;11.253
215'900;24'299.50;11.255
216'000;24'314.00;11.256
216'100;24'328.50;11.258
216'200;24'343.00;11.259
216'300;24'357.50;11.261
216'400;24'372.00;11.262
216'500;24'386.50;11.264
216'600;24'401.00;11.265
216'700;24'415.50;11.267
216'800;24'430.00;11.268
216'900;24'444.50;11.27
217'000;24'459.00;11.271
217'100;24'473.50;11.273
217'200;24'488.00;11.274
217'300;24'502.50;11.276
217'400;24'517.00;11.277
217'500;24'531.50;11.279
217'600;24'546.00;11.28
217'700;24'560.50;11.282
217'800;24'575.00;11.283
217'900;24'589.50;11.285
218'000;24'604.00;11.286
218'100;24'618.50;11.288
218'200;24'633.00;11.289
218'300;24'647.50;11.291
218'400;24'662.00;11.292
218'500;24'676.50;11.294
218'600;24'691.00;11.295
218'700;24'705.50;11.297
218'800;24'720.00;11.298
218'900;24'734.50;11.299
219'000;24'749.00;11.301
219'100;24'763.50;11.302
219'200;24'778.00;11.304
219'300;24'792.50;11.305
219'400;24'807.00;11.307
219'500;24'821.50;11.308
219'600;24'836.00;11.31
219'700;24'850.50;11.311
219'800;24'865.00;11.313
219'900;24'879.50;11.314
220'000;24'894.00;11.315
220'100;24'908.50;11.317
220'200;24'923.00;11.318
220'300;24'937.50;11.32
220'400;24'952.00;11.321
220'500;24'966.50;11.323
220'600;24'981.00;11.324
220'700;24'995.50;11.326
220'800;25'010.00;11.327
220'900;25'024.50;11.328
221'000;25'039.00;11.33
221'100;25'053.50;11.331
221'200;25'068.00;11.333
221'300;25'082.50;11.334
221'400;25'097.00;11.336
221'500;25'111.50;11.337
221'600;25'126.00;11.338
221'700;25'140.50;11.34
221'800;25'155.00;11.341
221'900;25'169.50;11.343
222'000;25'184.00;11.344
222'100;25'198.50;11.346
222'200;25'213.00;11.347
222'300;25'227.50;11.348
222'400;25'242.00;11.35
222'500;25'256.50;11.351
222'600;25'271.00;11.353
222'700;25'285.50;11.354
222'800;25'300.00;11.355
222'900;25'314.50;11.357
223'000;25'329.00;11.358
223'100;25'343.50;11.36
223'200;25'358.00;11.361
223'300;25'372.50;11.363
223'400;25'387.00;11.364
223'500;25'401.50;11.365
223'600;25'416.00;11.367
223'700;25'430.50;11.368
223'800;25'445.00;11.37
223'900;25'459.50;11.371
224'000;25'474.00;11.372
224'100;25'488.50;11.374
224'200;25'503.00;11.375
224'300;25'517.50;11.377
224'400;25'532.00;11.378
224'500;25'546.50;11.379
224'600;25'561.00;11.381
224'700;25'575.50;11.382
224'800;25'590.00;11.383
224'900;25'604.50;11.385
225'000;25'619.00;11.386
225'100;25'633.50;11.388
225'200;25'648.00;11.389
225'300;25'662.50;11.39
225'400;25'677.00;11.392
225'500;25'691.50;11.393
225'600;25'706.00;11.395
225'700;25'720.50;11.396
225'800;25'735.00;11.397
225'900;25'749.50;11.399
226'000;25'764.00;11.4
226'100;25'778.50;11.401
226'200;25'793.00;11.403
226'300;25'807.50;11.404
226'400;25'822.00;11.405
226'500;25'836.50;11.407
226'600;25'851.00;11.408
226'700;25'865.50;11.41
226'800;25'880.00;11.411
226'900;25'894.50;11.412
227'000;25'909.00;11.414
227'100;25'923.50;11.415
227'200;25'938.00;11.416
227'300;25'952.50;11.418
227'400;25'967.00;11.419
227'500;25'981.50;11.42
227'600;25'996.00;11.422
227'700;26'010.50;11.423
227'800;26'025.00;11.424
227'900;26'039.50;11.426
228'000;26'054.00;11.427
228'100;26'068.50;11.429
228'200;26'083.00;11.43
228'300;26'097.50;11.431
228'400;26'112.00;11.433
228'500;26'126.50;11.434
228'600;26'141.00;11.435
228'700;26'155.50;11.437
228'800;26'170.00;11.438
228'900;26'184.50;11.439
229'000;26'199.00;11.441
229'100;26'213.50;11.442
229'200;26'228.00;11.443
229'300;26'242.50;11.445
229'400;26'257.00;11.446
229'500;26'271.50;11.447
229'600;26'286.00;11.449
229'700;26'300.50;11.45
229'800;26'315.00;11.451
229'900;26'329.50;11.453
230'000;26'344.00;11.454
230'100;26'358.50;11.455
230'200;26'373.00;11.457
230'300;26'387.50;11.458
230'400;26'402.00;11.459
230'500;26'416.50;11.461
230'600;26'431.00;11.462
230'700;26'445.50;11.463
230'800;26'460.00;11.464
230'900;26'474.50;11.466
231'000;26'489.00;11.467
231'100;26'503.50;11.468
231'200;26'518.00;11.47
231'300;26'532.50;11.471
231'400;26'547.00;11.472
231'500;26'561.50;11.474
231'600;26'576.00;11.475
231'700;26'590.50;11.476
231'800;26'605.00;11.478
231'900;26'619.50;11.479
232'000;26'634.00;11.48
232'100;26'648.50;11.481
232'200;26'663.00;11.483
232'300;26'677.50;11.484
232'400;26'692.00;11.485
232'500;26'706.50;11.487
232'600;26'721.00;11.488
232'700;26'735.50;11.489
232'800;26'750.00;11.491
232'900;26'764.50;11.492
233'000;26'779.00;11.493
233'100;26'793.50;11.494
233'200;26'808.00;11.496
233'300;26'822.50;11.497
233'400;26'837.00;11.498
233'500;26'851.50;11.5
233'600;26'866.00;11.501
233'700;26'880.50;11.502
233'800;26'895.00;11.503
233'900;26'909.50;11.505
234'000;26'924.00;11.506
234'100;26'938.50;11.507
234'200;26'953.00;11.509
234'300;26'967.50;11.51
234'400;26'982.00;11.511
234'500;26'996.50;11.512
234'600;27'011.00;11.514
234'700;27'025.50;11.515
234'800;27'040.00;11.516
234'900;27'054.50;11.517
235'000;27'069.00;11.519
235'100;27'083.50;11.52
235'200;27'098.00;11.521
235'300;27'112.50;11.523
235'400;27'127.00;11.524
235'500;27'141.50;11.525
235'600;27'156.00;11.526
235'700;27'170.50;11.528
235'800;27'185.00;11.529
235'900;27'199.50;11.53
236'000;27'214.00;11.531
236'100;27'228.50;11.533
236'200;27'243.00;11.534
236'300;27'257.50;11.535
236'400;27'272.00;11.536
236'500;27'286.50;11.538
236'600;27'301.00;11.539
236'700;27'315.50;11.54
236'800;27'330.00;11.541
236'900;27'344.50;11.543
237'000;27'359.00;11.544
237'100;27'373.50;11.545
237'200;27'388.00;11.546
237'300;27'402.50;11.548
237'400;27'417.00;11.549
237'500;27'431.50;11.55
237'600;27'446.00;11.551
237'700;27'460.50;11.553
237'800;27'475.00;11.554
237'900;27'489.50;11.555
238'000;27'504.00;11.556
238'100;27'518.50;11.558
238'200;27'533.00;11.559
238'300;27'547.50;11.56
238'400;27'562.00;11.561
238'500;27'576.50;11.562
238'600;27'591.00;11.564
238'700;27'605.50;11.565
238'800;27'620.00;11.566
238'900;27'634.50;11.567
239'000;27'649.00;11.569
239'100;27'663.50;11.57
239'200;27'678.00;11.571
239'300;27'692.50;11.572
239'400;27'707.00;11.574
239'500;27'721.50;11.575
239'600;27'736.00;11.576
239'700;27'750.50;11.577
239'800;27'765.00;11.578
239'900;27'779.50;11.58
240'000;27'794.00;11.581
240'100;27'808.50;11.582
240'200;27'823.00;11.583
240'300;27'837.50;11.584
240'400;27'852.00;11.586
240'500;27'866.50;11.587
240'600;27'881.00;11.588
240'700;27'895.50;11.589
240'800;27'910.00;11.591
240'900;27'924.50;11.592
241'000;27'939.00;11.593
241'100;27'953.50;11.594
241'200;27'968.00;11.595
241'300;27'982.50;11.597
241'400;27'997.00;11.598
241'500;28'011.50;11.599
241'600;28'026.50;11.6
241'700;28'041.50;11.602
241'800;28'056.50;11.603
241'900;28'071.50;11.605
242'000;28'086.50;11.606
242'100;28'101.50;11.607
242'200;28'116.50;11.609
242'300;28'131.50;11.61
242'400;28'146.50;11.612
242'500;28'161.50;11.613
242'600;28'176.50;11.614
242'700;28'191.50;11.616
242'800;28'206.50;11.617
242'900;28'221.50;11.619
243'000;28'236.50;11.62
243'100;28'251.50;11.621
243'200;28'266.50;11.623
243'300;28'281.50;11.624
243'400;28'296.50;11.626
243'500;28'311.50;11.627
243'600;28'326.50;11.628
243'700;28'341.50;11.63
243'800;28'356.50;11.631
243'900;28'371.50;11.632
244'000;28'386.50;11.634
244'100;28'401.50;11.635
244'200;28'416.50;11.637
244'300;28'431.50;11.638
244'400;28'446.50;11.639
244'500;28'461.50;11.641
244'600;28'476.50;11.642
244'700;28'491.50;11.643
244'800;28'506.50;11.645
244'900;28'521.50;11.646
245'000;28'536.50;11.648
245'100;28'551.50;11.649
245'200;28'566.50;11.65
245'300;28'581.50;11.652
245'400;28'596.50;11.653
245'500;28'611.50;11.654
245'600;28'626.50;11.656
245'700;28'641.50;11.657
245'800;28'656.50;11.658
245'900;28'671.50;11.66
246'000;28'686.50;11.661
246'100;28'701.50;11.663
246'200;28'716.50;11.664
246'300;28'731.50;11.665
246'400;28'746.50;11.667
246'500;28'761.50;11.668
246'600;28'776.50;11.669
246'700;28'791.50;11.671
246'800;28'806.50;11.672
246'900;28'821.50;11.673
247'000;28'836.50;11.675
247'100;28'851.50;11.676
247'200;28'866.50;11.677
247'300;28'881.50;11.679
247'400;28'896.50;11.68
247'500;28'911.50;11.681
247'600;28'926.50;11.683
247'700;28'941.50;11.684
247'800;28'956.50;11.685
247'900;28'971.50;11.687
248'000;28'986.50;11.688
248'100;29'001.50;11.689
248'200;29'016.50;11.691
248'300;29'031.50;11.692
248'400;29'046.50;11.693
248'500;29'061.50;11.695
248'600;29'076.50;11.696
248'700;29'091.50;11.697
248'800;29'106.50;11.699
248'900;29'121.50;11.7
249'000;29'136.50;11.701
249'100;29'151.50;11.703
249'200;29'166.50;11.704
249'300;29'181.50;11.705
249'400;29'196.50;11.707
249'500;29'211.50;11.708
249'600;29'226.50;11.709
249'700;29'241.50;11.711
249'800;29'256.50;11.712
249'900;29'271.50;11.713
250'000;29'286.50;11.715
250'100;29'301.50;11.716
250'200;29'316.50;11.717
250'300;29'331.50;11.719
250'400;29'346.50;11.72
250'500;29'361.50;11.721
250'600;29'376.50;11.722
250'700;29'391.50;11.724
250'800;29'406.50;11.725
250'900;29'421.50;11.726
251'000;29'436.50;11.728
251'100;29'451.50;11.729
251'200;29'466.50;11.73
251'300;29'481.50;11.732
251'400;29'496.50;11.733
251'500;29'511.50;11.734
251'600;29'526.50;11.735
251'700;29'541.50;11.737
251'800;29'556.50;11.738
251'900;29'571.50;11.739
252'000;29'586.50;11.741
252'100;29'601.50;11.742
252'200;29'616.50;11.743
252'300;29'631.50;11.745
252'400;29'646.50;11.746
252'500;29'661.50;11.747
252'600;29'676.50;11.748
252'700;29'691.50;11.75
252'800;29'706.50;11.751
252'900;29'721.50;11.752
253'000;29'736.50;11.754
253'100;29'751.50;11.755
253'200;29'766.50;11.756
253'300;29'781.50;11.757
253'400;29'796.50;11.759
253'500;29'811.50;11.76
253'600;29'826.50;11.761
253'700;29'841.50;11.763
253'800;29'856.50;11.764
253'900;29'871.50;11.765
254'000;29'886.50;11.766
254'100;29'901.50;11.768
254'200;29'916.50;11.769
254'300;29'931.50;11.77
254'400;29'946.50;11.771
254'500;29'961.50;11.773
254'600;29'976.50;11.774
254'700;29'991.50;11.775
254'800;30'006.50;11.776
254'900;30'021.50;11.778
255'000;30'036.50;11.779
255'100;30'051.50;11.78
255'200;30'066.50;11.782
255'300;30'081.50;11.783
255'400;30'096.50;11.784
255'500;30'111.50;11.785
255'600;30'126.50;11.787
255'700;30'141.50;11.788
255'800;30'156.50;11.789
255'900;30'171.50;11.79
256'000;30'186.50;11.792
256'100;30'201.50;11.793
256'200;30'216.50;11.794
256'300;30'231.50;11.795
256'400;30'246.50;11.797
256'500;30'261.50;11.798
256'600;30'276.50;11.799
256'700;30'291.50;11.8
256'800;30'306.50;11.802
256'900;30'321.50;11.803
257'000;30'336.50;11.804
257'100;30'351.50;11.805
257'200;30'366.50;11.807
257'300;30'381.50;11.808
257'400;30'396.50;11.809
257'500;30'411.50;11.81
257'600;30'426.50;11.812
257'700;30'441.50;11.813
257'800;30'456.50;11.814
257'900;30'471.50;11.815
258'000;30'486.50;11.816
258'100;30'501.50;11.818
258'200;30'516.50;11.819
258'300;30'531.50;11.82
258'400;30'546.50;11.821
258'500;30'561.50;11.823
258'600;30'576.50;11.824
258'700;30'591.50;11.825
258'800;30'606.50;11.826
258'900;30'621.50;11.828
259'000;30'636.50;11.829
259'100;30'651.50;11.83
259'200;30'666.50;11.831
259'300;30'681.50;11.832
259'400;30'696.50;11.834
259'500;30'711.50;11.835
259'600;30'726.50;11.836
259'700;30'741.50;11.837
259'800;30'756.50;11.839
259'900;30'771.50;11.84
260'000;30'786.50;11.841
260'100;30'801.50;11.842
260'200;30'816.50;11.843
260'300;30'831.50;11.845
260'400;30'846.50;11.846
260'500;30'861.50;11.847
260'600;30'876.50;11.848
260'700;30'891.50;11.849
260'800;30'906.50;11.851
260'900;30'921.50;11.852
261'000;30'936.50;11.853
261'100;30'951.50;11.854
261'200;30'966.50;11.855
261'300;30'981.50;11.857
261'400;30'996.50;11.858
261'500;31'011.50;11.859
261'600;31'026.50;11.86
261'700;31'041.50;11.861
261'800;31'056.50;11.863
261'900;31'071.50;11.864
262'000;31'086.50;11.865
262'100;31'101.50;11.866
262'200;31'116.50;11.867
262'300;31'131.50;11.869
262'400;31'146.50;11.87
262'500;31'161.50;11.871
262'600;31'176.50;11.872
262'700;31'191.50;11.873
262'800;31'206.50;11.875
262'900;31'221.50;11.876
263'000;31'236.50;11.877
263'100;31'251.50;11.878
263'200;31'266.50;11.879
263'300;31'281.50;11.881
263'400;31'296.50;11.882
263'500;31'311.50;11.883
263'600;31'326.50;11.884
263'700;31'341.50;11.885
263'800;31'356.50;11.886
263'900;31'371.50;11.888
264'000;31'386.50;11.889
264'100;31'401.50;11.89
264'200;31'416.50;11.891
264'300;31'431.50;11.892
264'400;31'446.50;11.894
264'500;31'461.50;11.895
264'600;31'476.50;11.896
264'700;31'491.50;11.897
264'800;31'506.50;11.898
264'900;31'521.50;11.899
265'000;31'536.50;11.901
265'100;31'551.50;11.902
265'200;31'566.50;11.903
265'300;31'581.50;11.904
265'400;31'596.50;11.905
265'500;31'611.50;11.906
265'600;31'626.50;11.908
265'700;31'641.50;11.909
265'800;31'656.50;11.91
265'900;31'671.50;11.911
266'000;31'686.50;11.912
266'100;31'701.50;11.913
266'200;31'716.50;11.915
266'300;31'731.50;11.916
266'400;31'746.50;11.917
266'500;31'761.50;11.918
266'600;31'776.50;11.919
266'700;31'791.50;11.92
266'800;31'806.50;11.921
266'900;31'821.50;11.923
267'000;31'836.50;11.924
267'100;31'851.50;11.925
267'200;31'866.50;11.926
267'300;31'881.50;11.927
267'400;31'896.50;11.928
267'500;31'911.50;11.93
267'600;31'926.50;11.931
267'700;31'941.50;11.932
267'800;31'956.50;11.933
267'900;31'971.50;11.934
268'000;31'986.50;11.935
268'100;32'001.50;11.936
268'200;32'016.50;11.938
268'300;32'031.50;11.939
268'400;32'046.50;11.94
268'500;32'061.50;11.941
268'600;32'076.50;11.942
268'700;32'091.50;11.943
268'800;32'106.50;11.944
268'900;32'121.50;11.946
269'000;32'136.50;11.947
269'100;32'151.50;11.948
269'200;32'166.50;11.949
269'300;32'181.50;11.95
269'400;32'196.50;11.951
269'500;32'211.50;11.952
269'600;32'226.50;11.953
269'700;32'241.50;11.955
269'800;32'256.50;11.956
269'900;32'271.50;11.957
270'000;32'286.50;11.958
270'100;32'301.50;11.959
270'200;32'316.50;11.96
270'300;32'331.50;11.961
270'400;32'346.50;11.962
270'500;32'361.50;11.964
270'600;32'376.50;11.965
270'700;32'391.50;11.966
270'800;32'406.50;11.967
270'900;32'421.50;11.968
271'000;32'436.50;11.969
271'100;32'451.50;11.97
271'200;32'466.50;11.971
271'300;32'481.50;11.973
271'400;32'496.50;11.974
271'500;32'511.50;11.975
271'600;32'526.50;11.976
271'700;32'541.50;11.977
271'800;32'556.50;11.978
271'900;32'571.50;11.979
272'000;32'586.50;11.98
272'100;32'601.50;11.981
272'200;32'616.50;11.983
272'300;32'631.50;11.984
272'400;32'646.50;11.985
272'500;32'661.50;11.986
272'600;32'676.50;11.987
272'700;32'691.50;11.988
272'800;32'706.50;11.989
272'900;32'721.50;11.99
273'000;32'736.50;11.991
273'100;32'751.50;11.992
273'200;32'766.50;11.994
273'300;32'781.50;11.995
273'400;32'796.50;11.996
273'500;32'811.50;11.997
273'600;32'826.50;11.998
273'700;32'841.50;11.999
273'800;32'856.50;12
273'900;32'871.50;12.001
274'000;32'886.50;12.002
274'100;32'901.50;12.003
274'200;32'916.50;12.005
274'300;32'931.50;12.006
274'400;32'946.50;12.007
274'500;32'961.50;12.008
274'600;32'976.50;12.009
274'700;32'991.50;12.01
274'800;33'006.50;12.011
274'900;33'021.50;12.012
275'000;33'036.50;12.013
275'100;33'052.00;12.015
275'200;33'067.50;12.016
275'300;33'083.00;12.017
275'400;33'098.50;12.018
275'500;33'114.00;12.02
275'600;33'129.50;12.021
275'700;33'145.00;12.022
275'800;33'160.50;12.023
275'900;33'176.00;12.025
276'000;33'191.50;12.026
276'100;33'207.00;12.027
276'200;33'222.50;12.028
276'300;33'238.00;12.03
276'400;33'253.50;12.031
276'500;33'269.00;12.032
276'600;33'284.50;12.033
276'700;33'300.00;12.035
276'800;33'315.50;12.036
276'900;33'331.00;12.037
277'000;33'346.50;12.038
277'100;33'362.00;12.04
277'200;33'377.50;12.041
277'300;33'393.00;12.042
277'400;33'408.50;12.043
277'500;33'424.00;12.045
277'600;33'439.50;12.046
277'700;33'455.00;12.047
277'800;33'470.50;12.048
277'900;33'486.00;12.05
278'000;33'501.50;12.051
278'100;33'517.00;12.052
278'200;33'532.50;12.053
278'300;33'548.00;12.055
278'400;33'563.50;12.056
278'500;33'579.00;12.057
278'600;33'594.50;12.058
278'700;33'610.00;12.06
278'800;33'625.50;12.061
278'900;33'641.00;12.062
279'000;33'656.50;12.063
279'100;33'672.00;12.064
279'200;33'687.50;12.066
279'300;33'703.00;12.067
279'400;33'718.50;12.068
279'500;33'734.00;12.069
279'600;33'749.50;12.071
279'700;33'765.00;12.072
279'800;33'780.50;12.073
279'900;33'796.00;12.074
280'000;33'811.50;12.076
280'100;33'827.00;12.077
280'200;33'842.50;12.078
280'300;33'858.00;12.079
280'400;33'873.50;12.08
280'500;33'889.00;12.082
280'600;33'904.50;12.083
280'700;33'920.00;12.084
280'800;33'935.50;12.085
280'900;33'951.00;12.087
281'000;33'966.50;12.088
281'100;33'982.00;12.089
281'200;33'997.50;12.09
281'300;34'013.00;12.091
281'400;34'028.50;12.093
281'500;34'044.00;12.094
281'600;34'059.50;12.095
281'700;34'075.00;12.096
281'800;34'090.50;12.097
281'900;34'106.00;12.099
282'000;34'121.50;12.1
282'100;34'137.00;12.101
282'200;34'152.50;12.102
282'300;34'168.00;12.103
282'400;34'183.50;12.105
282'500;34'199.00;12.106
282'600;34'214.50;12.107
282'700;34'230.00;12.108
282'800;34'245.50;12.109
282'900;34'261.00;12.111
283'000;34'276.50;12.112
283'100;34'292.00;12.113
283'200;34'307.50;12.114
283'300;34'323.00;12.115
283'400;34'338.50;12.117
283'500;34'354.00;12.118
283'600;34'369.50;12.119
283'700;34'385.00;12.12
283'800;34'400.50;12.121
283'900;34'416.00;12.123
284'000;34'431.50;12.124
284'100;34'447.00;12.125
284'200;34'462.50;12.126
284'300;34'478.00;12.127
284'400;34'493.50;12.129
284'500;34'509.00;12.13
284'600;34'524.50;12.131
284'700;34'540.00;12.132
284'800;34'555.50;12.133
284'900;34'571.00;12.134
285'000;34'586.50;12.136
285'100;34'602.00;12.137
285'200;34'617.50;12.138
285'300;34'633.00;12.139
285'400;34'648.50;12.14
285'500;34'664.00;12.142
285'600;34'679.50;12.143
285'700;34'695.00;12.144
285'800;34'710.50;12.145
285'900;34'726.00;12.146
286'000;34'741.50;12.147
286'100;34'757.00;12.149
286'200;34'772.50;12.15
286'300;34'788.00;12.151
286'400;34'803.50;12.152
286'500;34'819.00;12.153
286'600;34'834.50;12.154
286'700;34'850.00;12.156
286'800;34'865.50;12.157
286'900;34'881.00;12.158
287'000;34'896.50;12.159
287'100;34'912.00;12.16
287'200;34'927.50;12.161
287'300;34'943.00;12.163
287'400;34'958.50;12.164
287'500;34'974.00;12.165
287'600;34'989.50;12.166
287'700;35'005.00;12.167
287'800;35'020.50;12.168
287'900;35'036.00;12.17
288'000;35'051.50;12.171
288'100;35'067.00;12.172
288'200;35'082.50;12.173
288'300;35'098.00;12.174
288'400;35'113.50;12.175
288'500;35'129.00;12.176
288'600;35'144.50;12.178
288'700;35'160.00;12.179
288'800;35'175.50;12.18
288'900;35'191.00;12.181
289'000;35'206.50;12.182
289'100;35'222.00;12.183
289'200;35'237.50;12.184
289'300;35'253.00;12.186
289'400;35'268.50;12.187
289'500;35'284.00;12.188
289'600;35'299.50;12.189
289'700;35'315.00;12.19
289'800;35'330.50;12.191
289'900;35'346.00;12.192
290'000;35'361.50;12.194
290'100;35'377.00;12.195
290'200;35'392.50;12.196
290'300;35'408.00;12.197
290'400;35'423.50;12.198
290'500;35'439.00;12.199
290'600;35'454.50;12.2
290'700;35'470.00;12.202
290'800;35'485.50;12.203
290'900;35'501.00;12.204
291'000;35'516.50;12.205
291'100;35'532.00;12.206
291'200;35'547.50;12.207
291'300;35'563.00;12.208
291'400;35'578.50;12.21
291'500;35'594.00;12.211
291'600;35'609.50;12.212
291'700;35'625.00;12.213
291'800;35'640.50;12.214
291'900;35'656.00;12.215
292'000;35'671.50;12.216
292'100;35'687.00;12.217
292'200;35'702.50;12.219
292'300;35'718.00;12.22
292'400;35'733.50;12.221
292'500;35'749.00;12.222
292'600;35'764.50;12.223
292'700;35'780.00;12.224
292'800;35'795.50;12.225
292'900;35'811.00;12.226
293'000;35'826.50;12.227
293'100;35'842.00;12.229
293'200;35'857.50;12.23
293'300;35'873.00;12.231
293'400;35'888.50;12.232
293'500;35'904.00;12.233
293'600;35'919.50;12.234
293'700;35'935.00;12.235
293'800;35'950.50;12.236
293'900;35'966.00;12.237
294'000;35'981.50;12.239
294'100;35'997.00;12.24
294'200;36'012.50;12.241
294'300;36'028.00;12.242
294'400;36'043.50;12.243
294'500;36'059.00;12.244
294'600;36'074.50;12.245
294'700;36'090.00;12.246
294'800;36'105.50;12.247
294'900;36'121.00;12.249
295'000;36'136.50;12.25
295'100;36'152.00;12.251
295'200;36'167.50;12.252
295'300;36'183.00;12.253
295'400;36'198.50;12.254
295'500;36'214.00;12.255
295'600;36'229.50;12.256
295'700;36'245.00;12.257
295'800;36'260.50;12.258
295'900;36'276.00;12.26
296'000;36'291.50;12.261
296'100;36'307.00;12.262
296'200;36'322.50;12.263
296'300;36'338.00;12.264
296'400;36'353.50;12.265
296'500;36'369.00;12.266
296'600;36'384.50;12.267
296'700;36'400.00;12.268
296'800;36'415.50;12.269
296'900;36'431.00;12.27
297'000;36'446.50;12.272
297'100;36'462.00;12.273
297'200;36'477.50;12.274
297'300;36'493.00;12.275
297'400;36'508.50;12.276
297'500;36'524.00;12.277
297'600;36'539.50;12.278
297'700;36'555.00;12.279
297'800;36'570.50;12.28
297'900;36'586.00;12.281
298'000;36'601.50;12.282
298'100;36'617.00;12.283
298'200;36'632.50;12.285
298'300;36'648.00;12.286
298'400;36'663.50;12.287
298'500;36'679.00;12.288
298'600;36'694.50;12.289
298'700;36'710.00;12.29
298'800;36'725.50;12.291
298'900;36'741.00;12.292
299'000;36'756.50;12.293
299'100;36'772.00;12.294
299'200;36'787.50;12.295
299'300;36'803.00;12.296
299'400;36'818.50;12.297
299'500;36'834.00;12.298
299'600;36'849.50;12.3
299'700;36'865.00;12.301
299'800;36'880.50;12.302
299'900;36'896.00;12.303
300'000;36'911.50;12.304
